{
  "anantnag_city": {
    "id": "anantnag_city",
    "name": "Anantnag",
    "provider": "openmeteo",
    "lat": 33.7295,
    "lon": 75.1500,
    "zone_type": "hills"
  },
  "bandipora_town": {
    "id": "bandipora_town",
    "name": "Bandipora",
    "provider": "openmeteo",
    "lat": 34.4174,
    "lon": 74.6437,
    "zone_type": "hills"
  },
  "baramulla_town": {
    "id": "baramulla_town",
    "name": "Baramulla",
    "provider": "openmeteo",
    "lat": 34.2090,
    "lon": 74.3420,
    "zone_type": "hills"
  },
  "doda_town": {
    "id": "doda_town",
    "name": "Doda",
    "provider": "openmeteo",
    "lat": 33.1320,
    "lon": 75.5670,
    "zone_type": "hills"
  },
  "ganderbal_town": {
    "id": "ganderbal_town",
    "name": "Ganderbal",
    "provider": "openmeteo",
    "lat": 34.2164,
    "lon": 74.7786,
    "zone_type": "hills"
  },
  "handwara_town": {
    "id": "handwara_town",
    "name": "Handwara",
    "provider": "openmeteo",
    "lat": 34.4049,
    "lon": 74.2854,
    "zone_type": "hills"
  },
  "jammu_city": {
    "id": "jammu_city",
    "name": "Jammu",
    "provider": "airgradient",
    "lat": 32.7169,
    "lon": 74.8609,
    "zone_type": "urban"
  },
  "kargil_town": {
    "id": "kargil_town",
    "name": "Kargil",
    "provider": "openmeteo",
    "lat": 34.5539,
    "lon": 76.1349,
    "zone_type": "hills"
  },
  "katra_town": {
    "id": "katra_town",
    "name": "Katra",
    "provider": "openmeteo",
    "lat": 32.9910,
    "lon": 74.9490,
    "zone_type": "hills"
  },
  "kathua_town": {
    "id": "kathua_town",
    "name": "Kathua",
    "provider": "openmeteo",
    "lat": 32.3670,
    "lon": 75.5230,
    "zone_type": "industrial"
  },
  "kishtwar_town": {
    "id": "kishtwar_town",
    "name": "Kishtwar",
    "provider": "openmeteo",
    "lat": 33.3103,
    "lon": 75.7665,
    "zone_type": "hills"
  },
  "kulgam_town": {
    "id": "kulgam_town",
    "name": "Kulgam",
    "provider": "openmeteo",
    "lat": 33.6440,
    "lon": 75.0200,
    "zone_type": "hills"
  },
  "kupwara_town": {
    "id": "kupwara_town",
    "name": "Kupwara",
    "provider": "openmeteo",
    "lat": 34.5260,
    "lon": 74.2580,
    "zone_type": "hills"
  },
  "leh": {
    "id": "leh",
    "name": "Leh",
    "provider": "openmeteo",
    "lat": 34.1526,
    "lon": 77.5771,
    "zone_type": "urban"
  },
  "pahalgam_town": {
    "id": "pahalgam_town",
    "name": "Pahalgam",
    "provider": "openmeteo",
    "lat": 34.0161,
    "lon": 75.3150,
    "zone_type": "hills"
  },
  "poonch_town": {
    "id": "poonch_town",
    "name": "Poonch",
    "provider": "openmeteo",
    "lat": 33.7690,
    "lon": 74.0920,
    "zone_type": "hills"
  },
  "pulwama_town": {
    "id": "pulwama_town",
    "name": "Pulwama",
    "provider": "openmeteo",
    "lat": 33.8740,
    "lon": 74.8990,
    "zone_type": "hills"
  },
  "rajouri_town": {
    "id": "rajouri_town",
    "name": "Rajouri",
    "provider": "airgradient",
    "lat": 33.3750,
    "lon": 74.3150,
    "zone_type": "hills"
  },
  "ramban_town": {
    "id": "ramban_town",
    "name": "Ramban",
    "provider": "openmeteo",
    "lat": 33.2420,
    "lon": 75.2450,
    "zone_type": "hills"
  },
  "reasi_town": {
    "id": "reasi_town",
    "name": "Reasi",
    "provider": "openmeteo",
    "lat": 33.0800,
    "lon": 74.8300,
    "zone_type": "hills"
  },
  "samba_town": {
    "id": "samba_town",
    "name": "Samba",
    "provider": "openmeteo",
    "lat": 32.5623,
    "lon": 75.1190,
    "zone_type": "industrial"
  },
  "shopian_town": {
    "id": "shopian_town",
    "name": "Shopian",
    "provider": "openmeteo",
    "lat": 33.7200,
    "lon": 74.8300,
    "zone_type": "hills"
  },
  "sopore_town": {
    "id": "sopore_town",
    "name": "Sopore",
    "provider": "openmeteo",
    "lat": 34.2866,
    "lon": 74.4726,
    "zone_type": "hills"
  },
  "srinagar": {
    "id": "srinagar",
    "name": "Srinagar",
    "provider": "airgradient",
    "lat": 34.0709,
    "lon": 74.8122,
    "zone_type": "urban"
  },
  "udhampur_city": {
    "id": "udhampur_city",
    "name": "Udhampur",
    "provider": "openmeteo",
    "lat": 32.9160,
    "lon": 75.1416,
    "zone_type": "urban"
  }
}
